Code,Entity,suicide_rate,gdp_per_capita,alcohol_liters_per_year,avg_surface_temperature,sunshine_hours_year,latitude,unemployment_rate,gini_index,urban_population_pct,population_density,literacy_rate,homicide_rate,religiosity_share,one_person_households_pct,fruit_veg_consumption_kg_per_capita,meat_kg_per_capita,family_important_pct,friends_important_pct,drug_use_death_rate,overweight_prevalence_pct,median_age,life_expectancy,healthcare_expenditure_per_capita_ppp
AFG,Afghanistan,3.8290909090909087,2430.3298272727275,0.0139999999999999,12.922222227272728,3175.1,33.836266,8.842590909090909,,23.927227272727272,45.178616000000005,33.917946666666666,6.003260281818182,99.99145,0.189425072,74.57338945454545,11.686962695454548,,,1.2072727272727273,31.24919681818182,14.893590909090909,60.00665454545455,187.2994402
AGO,Angola,7.338636363636363,8522.25521818182,6.924761904761904,22.322584727272726,2341.0,-12.2923155,16.464863636363635,0.4864165,59.75545454545454,19.54765663636364,66.41195333333333,4.435410324999999,94.70417,7.166597737,85.477841,22.14764840909091,,,0.2177272727272727,25.96787181818182,16.249409090909094,56.564963636363636,176.99499727272726
ALB,Albania,5.090909090909091,11472.75185,5.16952380952381,12.835101772727272,2544.0,41.142483,15.049636363636363,0.3137345981818182,52.53786363636364,108.70328068181816,97.563246,3.830208554545455,91.4048425,8.274421193,386.9151295,43.38282140909091,99.176608,84.12741,1.1140909090909092,57.257174090909096,31.1995,77.4856409090909,599.5265072727273
AND,Andorra,11.44181818181818,61048.77963636364,11.315714285714286,5.604372313636364,,42.54133,,,89.32195454545455,160.3773690909091,,0.5830364727272728,,,,,99.3408825,92.264355,0.1345454545454545,47.902243636363636,38.834545454545456,83.4200909090909,3124.176781818182
ARE,United Arab Emirates,2.3459090909090907,76605.12954545455,2.0247619047619048,28.369418181818183,3508.7,23.905783,2.624318181818182,0.29454712,84.07309090909091,96.45779440909092,95.33333333333331,0.7304789455555556,99.677735,,193.37879345454547,60.302805000000006,,,0.545,69.32925909090909,30.120409090909092,80.98025,2822.4606227272725
ARG,Argentina,8.94,25664.94736363636,7.470000000000001,14.813022386363636,2220.3,-35.37868,10.321727272727273,,90.81868181818182,15.16147109090909,97.0,6.239446785714286,90.51979,16.240903760000002,152.7031168181818,99.3904018181818,98.99524483333332,84.94960666666667,0.0613636363636363,59.46273227272727,28.963772727272726,75.46471818181818,1637.18372
ARM,Armenia,4.535909090909091,10943.360036363636,4.672857142857143,6.795290254545455,2474.0,40.288136,15.296545454545454,0.315182819047619,63.58345454545454,104.02683045454546,99.8,2.552028128571429,98.807985,12.246223487,344.78859813636365,41.40482340909091,99.0202775,89.44456000000001,0.1004545454545454,49.77663590909091,31.628590909090914,72.78919545454545,794.5005772727272
ATG,Antigua and Barbuda,0.6736363636363637,26948.31445454545,6.5147619047619045,26.24491595454545,,17.284096,,,27.081090909090907,192.7703509090909,99.0,11.447181188235293,,,254.3227681363637,82.37793695454546,,,0.3904545454545454,55.27380818181818,30.698818181818183,76.3269090909091,1053.3014890909092
AUS,Australia,12.385454545454548,52695.583681818185,10.644285714285717,22.22258931818181,2975.4266666666667,-25.732311,5.518318181818182,0.3403828088888889,85.20931818181818,2.9107504545454543,,1.1860115395454545,66.39865,24.097283966666662,209.5367272727273,116.33932490909092,98.18684275,93.722665,4.496363636363636,60.147259545454546,35.89504545454545,81.85960454545454,3919.4457136363635
AUT,Austria,16.40909090909091,59596.48154545455,12.353809523809524,7.147321009090908,1884.0,47.585655,5.173818181818182,0.302236609,58.377545454545455,102.40392454545454,,0.7415105786363636,82.04867,35.73125,245.25081804545457,90.37992481818182,96.7193875,90.43713,2.16,44.31216227272727,40.509772727272725,80.47454090909092,4556.282422727273
AZE,Azerbaijan,2.4786363636363635,15918.566827272727,1.740952380952381,12.45476306818182,2207.4,40.28912,6.634545454545455,0.28348396,53.74272727272727,111.5547121818182,100.0,2.1693464882352944,97.085825,6.766349797,229.7121445,26.843529227272725,98.69897033333332,85.37878333333333,0.2699999999999999,55.45572863636364,28.234227272727274,69.88168181818182,400.0290764545455
BDI,Burundi,7.912272727272727,933.3670790909092,5.557619047619047,20.724440590909094,2373.4,-3.3574255,2.004227272727273,0.3647997566666667,10.915045454545456,370.3735654545454,60.537548,4.998164539999999,98.44397,6.001732704000001,143.9089510833333,2.7547647000000004,,,0.4263636363636364,12.216425909090908,15.541045454545456,56.652145454545455,50.60098318181818
BEL,Belgium,19.88136363636364,55974.90590909091,11.087142857142858,10.468650863636364,1546.0,50.637463,7.2804090909090915,0.2823851659999999,97.65595454545456,360.7431790909091,,2.24419375,64.501963,34.18125,251.2694499090909,70.74553036363636,96.55798933333334,90.5091,1.6304545454545454,50.57742409090909,39.77081818181818,80.00913636363636,4231.464377272728
BEN,Benin,7.167272727272728,2859.987013636364,5.607142857142857,27.73497336363636,2630.4666666666667,9.641216,1.3446363636363636,0.4039301079999999,43.421772727272725,89.46825581818182,35.871262,,95.357483,10.875410313333331,90.48059577272728,17.33593315909091,,,0.0254545454545454,24.03944909090909,16.764863636363636,58.42832272727273,69.04533381818182
BFA,Burkina Faso,8.708636363636364,1920.1698772727275,8.778571428571428,28.843557681818183,3209.0,12.269554,3.8981818181818175,0.39744219,24.788545454545453,60.870439181818185,29.6209225,,99.39995,6.371674697,38.33701987272728,17.165485863636363,99.152535,90.67188,0.0222727272727272,14.041663181818182,16.030954545454545,56.16564090909091,76.79993286363637
BGD,Bangladesh,3.691818181818182,4549.143309090909,0.0082380952380952,25.477649227272728,2066.0,23.845678,4.253954545454546,0.32780854,30.982318181818183,1171.1085954545454,64.8972,2.588335036842105,100.0,1.7921167969999998,48.59840536363636,3.960190840909091,99.73178533333332,76.09089333333334,0.3040909090909091,14.955249545454546,22.17140909090909,67.98909545454545,75.54981881818182
BGR,Bulgaria,12.478181818181817,21747.717045454545,11.23952380952381,11.715260727272726,2177.0,42.768524,9.965727272727271,0.37482707875,72.45513636363636,68.29276368181819,98.14,2.1382407454545453,90.780295,23.36428571428572,143.20521322727274,54.61106895454545,97.320054,85.03720799999999,0.3854545454545455,49.24423045454546,41.397954545454546,73.48631363636365,1148.6554468181819
BHR,Bahrain,7.044090909090909,54203.700500000006,2.13,26.253483045454548,,26.035519,1.173681818181818,,88.786,1470.0372909090909,89.65,0.5526137305882353,99.655847,,297.58575333333334,82.85382800000001,,,0.3390909090909091,63.42155909090909,28.508954545454547,78.06923181818182,1890.9386454545454
BHS,Bahamas,3.286363636363636,33414.41663636363,4.487619047619047,25.564870090909093,,24.223986,10.998954545454543,,82.5425,36.53092772727273,,23.834635863636365,98.113663,17.73097958,351.4099190909091,103.04190754545454,,,0.4595454545454545,68.07603090909092,30.737227272727274,73.26045,1606.5593609090909
BIH,Bosnia and Herzegovina,10.60909090909091,12469.189895454543,5.757142857142857,10.669092272727273,1769.0,44.171734,25.031954545454543,0.3252392075,45.77081818181818,73.6358025,97.38068,1.5443021336842104,98.923648,,292.3980891818182,30.44241495454545,99.30691625,95.7602375,0.1563636363636363,53.05811863636364,38.37990909090909,76.5446590909091,895.7191372727273
BLR,Belarus,30.063636363636363,21571.145681818183,12.742857142857144,7.592170681818181,1807.0,53.53188,7.065454545454545,0.2741053019047619,74.9759090909091,47.16352504545455,100.0,5.02718145625,90.62409,29.65364786,212.0967070454545,75.76785145454545,96.96894216666664,82.917,3.357727272727273,52.89319090909091,37.85077272727273,71.18746818181818,835.844764090909
BLZ,Belize,5.538636363636363,11979.607363636364,5.792380952380952,25.74623618181818,,17.208319,8.965363636363636,0.39949584,45.44781818181818,14.10967875,85.90802,32.49527540909091,84.18190799999999,,205.30258445454547,48.51073754545455,,,0.1477272727272727,65.4418,21.402454545454546,70.86328181818182,392.4587095454545
BOL,Bolivia,5.680909090909091,7888.788213636363,4.04047619047619,20.42655340909091,2288.9,-16.706877,3.099909090909091,0.4982022244999999,66.43663636363637,9.48286390909091,91.5,4.803782571428571,93.23202,12.440827225,120.84977763636364,66.16440022727274,98.8389,48.71794,0.4631818181818181,53.89977409090909,21.839363636363636,65.18835,348.64371
BRA,Brazil,5.609545454545454,16900.85593181818,8.307142857142857,25.1074575,2237.581818181818,-10.780859,10.078909090909091,0.5420343345,84.41186363636363,23.168805363636363,90.73333333333332,26.839305409090912,89.2055,10.4653552655,156.58590745454546,89.93833404545454,98.9217646,86.759204,0.3527272727272727,51.43948454545455,28.495090909090912,73.26274090909091,1152.0384545454547
BRN,Brunei,1.695454545454545,89971.14186363637,0.3271904761904761,26.481013545454548,,4.5165005,6.579727272727272,,75.05077272727273,74.55739995454546,95.53000000000002,0.6556958225,99.843623,7.216026496,167.33164829999998,70.0552022,,,0.045,54.48503636363636,27.544500000000003,74.75124090909091,1701.1791363636364
BTN,Bhutan,5.405454545454545,9917.96376818182,1.0861904761904764,8.459384954545454,,27.421509,2.9822272727272723,0.388098765,34.92286363636364,18.36730477272728,58.333333333333336,2.3100135615,99.9639275,,105.11681166666666,13.488187333333334,,,0.3672727272727272,32.59279818181818,23.303545454545453,68.39682272727272,251.35687768181816
BWA,Botswana,11.716818181818182,15503.21668181818,7.44,22.09471336363636,3426.6666666666665,-22.185772,19.12609090909091,0.5779236666666666,62.35677272727273,3.602400768181818,83.91158999999999,13.990677166666666,85.30755500000001,25.58499636,85.96045227272728,26.09630013636364,,,0.3977272727272727,35.92470090909091,21.002318181818183,59.34185,809.5034318181818
CAF,Central African Republic,10.908181818181818,1227.7332781818182,2.203333333333333,26.003496545454546,2546.5,6.566322,5.438681818181818,0.49614804,39.44163636363636,7.245615268181819,40.93708,,99.27466,,67.46171345454545,35.029159863636366,,,0.2004545454545454,17.415694545454546,15.292227272727274,45.767086363636366,45.106983863636366
CAN,Canada,12.364090909090908,53517.999,9.879523809523809,-3.49801925,2028.0444444444447,61.37635,7.1412272727272725,0.3314920168181818,80.76536363636363,3.923465763636364,,1.780352422727273,70.75789499999999,26.690441303333333,247.03119268181817,94.08276404545454,98.235125,93.8233325,6.6840909090909095,57.93647363636364,38.518136363636366,81.04066363636365,4262.3594
CHE,Switzerland,16.519545454545455,73922.25522727273,11.291428571428572,5.789029313636363,1932.75,46.798958,4.2168636363636365,0.3289769410526316,73.62377272727272,199.970025,,0.681996276875,74.5752605,34.1,217.7480403636364,71.00742972727272,96.66878825,93.72966,2.896818181818181,41.42505227272727,40.23763636363636,82.16255909090908,5975.821395454546
CHL,Chile,10.30090909090909,24156.935818181817,7.358095238095238,9.152847477272728,2841.78,-37.743607,8.573318181818182,0.4785068255555555,87.08636363636363,23.3548025,96.4,3.643397694444445,78.076155,11.42539368,146.95648636363637,79.47877222727273,98.58944466666668,67.68994666666667,0.2472727272727272,68.06504045454545,31.73540909090909,79.03778636363637,1468.6507836363637
CHN,China,11.174545454545454,11314.179672727272,5.213809523809523,7.340011427272728,2028.58,36.559273,4.453181818181818,0.3992060646666667,49.57695454545455,144.36839136363636,94.33333333333331,1.041024502631579,11.4774315,8.589161342,405.2546233636364,55.17028122727272,97.45207833333332,84.07610333333334,0.9727272727272728,27.389073636363637,33.89063636363637,75.5759590909091,467.03370545454544
CIV,Cote d'Ivoire,7.000454545454545,4717.057118181818,3.337142857142857,26.528563772727274,2321.32,7.6279664,4.7774090909090905,0.3927303725,47.57704545454545,72.61253286363636,54.00365833333333,,92.213665,11.81104576,101.67902972727272,11.813798886363635,,,0.0222727272727272,27.447885909090907,16.779863636363636,55.681872727272726,136.33514522727273
CMR,Cameroon,8.05181818181818,4402.770004545454,11.343333333333334,24.70335781818181,2165.125,5.693058,4.357181818181818,0.43443451,51.85709090909091,42.98604927272727,72.155426,4.688075015384616,97.4222925,16.37153837,204.41313336363635,14.689989636363636,,,0.0254545454545454,33.31037863636364,16.86927272727273,57.50842272727273,119.78010363636363
COD,Democratic Republic of Congo,8.046818181818182,1075.7646095454545,4.194285714285714,24.266641681818182,2225.0,-2.8797998,3.995363636363636,0.42794085,40.42868181818182,31.648525181818183,70.751716,,98.70131,6.990878833,67.835540075,4.447527675,,,0.1972727272727272,15.510853636363636,15.856681818181817,56.462190909090914,26.24030018181818
COG,Congo,7.917727272727273,7829.128372727273,4.527619047619048,24.88824245454545,1698.6666666666667,-0.83887994,20.09636363636364,0.4813378299999999,63.49081818181818,13.144727704545454,78.64039000000001,,94.584285,11.406061862,84.23224604545454,25.58812418181818,,,0.2922727272727272,22.166574999999998,18.19272727272727,61.09078181818182,94.88856804545453
COL,Colombia,4.416818181818182,14342.863136363636,5.0909523809523805,24.01027168181818,1930.775,3.909413,11.782772727272729,0.5356223675,78.03904545454544,40.536243500000005,93.78571428571428,38.78949781818182,91.406122,8.97191749,182.1863222272727,48.90597027272728,99.42760666666668,75.15721,0.12,51.92849999999999,26.80454545454546,74.31028636363637,816.6159690909091
COM,Comoros,6.180000000000001,2814.1944045454543,0.2528571428571429,25.090618363636363,,-11.884216,4.287863636363636,0.5062799849999999,28.321,358.9046263636364,58.59807,,99.869985,4.910657195,99.77800766666668,21.827538625,,,0.7627272727272728,32.906254545454544,17.51068181818182,62.75446818181819,142.52332290909092
CPV,Cape Verde,13.726818181818182,6784.026577272728,5.461904761904762,22.816581090909093,,15.945152,12.675272727272729,0.4735456833333333,61.210136363636366,123.70317131818182,82.70348,7.909623199999999,82.896105,,157.7440416818182,34.23133218181818,,,0.0636363636363636,36.862895,21.973772727272728,72.3755,272.7782513636364
CRI,Costa Rica,6.534545454545454,18926.62777272727,4.011428571428572,23.10607340909091,,9.973437,8.124954545454544,0.4892065363636363,71.52995454545454,89.22377390909091,96.68,9.618011886363636,91.1784275,9.614239993,186.95234345454548,49.42744745454545,,,0.3622727272727272,60.183144999999996,28.327545454545454,79.22915,1092.63553
CYP,Cyprus,3.911818181818182,41074.29454545455,8.76095238095238,19.98986236363636,3314.1,34.91522,7.879909090909091,0.3236802277777778,67.60563636363636,122.92266290909092,98.45333333333332,1.110037840952381,93.47335,19.75714285714286,193.4977401818182,78.59862531818182,99.298221,92.42708666666664,1.470909090909091,53.74848681818182,33.30922727272727,80.27794545454546,2179.2890045454546
CZE,Czechia,14.817727272727272,39205.72677272728,13.562857142857142,8.793029231818181,1668.0,49.73245,5.782954545454545,0.2613429189473684,73.61009090909091,134.98401954545454,,1.02464878,29.3244465,25.928571428571427,157.30126227272729,81.10975486363635,97.0525298,86.81392600000001,0.7113636363636364,55.76314272727273,39.220045454545456,77.34803636363637,2198.0101727272727
DEU,Germany,13.262272727272729,56319.10831818182,12.655238095238095,9.616640181818182,1644.0,51.106365,6.612,0.308809939047619,76.62654545454546,234.7357427272728,,1.0762227586363635,66.018175,39.871428571428574,210.23669154545456,84.29248404545454,95.97566583333334,92.74934666666668,1.7481818181818185,54.24563772727272,42.86836363636364,79.98642272727272,4660.92580909091
DJI,Djibouti,6.885454545454545,5326.204766666667,0.6042857142857143,28.42308259090909,3279.0,11.750155,26.436318181818184,0.4270213425,77.1675,40.51414227272728,,,98.89187,,96.00811998181818,16.825329454545454,,,0.7509090909090909,22.058526363636364,21.0635,60.90828181818181,110.60853772727273
DNK,Denmark,12.746363636363638,61686.35222727273,10.43904761904762,9.08686436818182,1932.0,55.965378,5.576681818181818,0.269782323,86.75268181818181,139.3735581818182,,0.9436337546666668,84.435975,44.55625,238.3389545,76.09840690909091,98.3345225,93.9102975,3.771818181818182,44.029863636363636,39.52909090909091,79.39718636363637,4438.654722727273
DOM,Dominican Republic,4.935,15500.92375,7.010000000000001,24.34610545454545,,18.896366,6.372772727272727,0.4695834245454545,73.36245454545454,207.8443186363636,90.44444444444444,18.230491690476192,82.72858500000001,12.532025003333333,299.3728653181818,48.65381654545455,99.52039,85.1319,0.075,53.314082727272734,23.92036363636364,71.96240454545455,557.5286554545454
DZA,Algeria,2.747272727272727,14125.515909090907,0.4728571428571428,24.031032772727272,3266.5,28.14889,14.707636363636365,0.27615732,67.58318181818181,15.564225090909092,74.85195999999999,1.158439514375,98.8245355,,233.308467,19.961330363636364,98.156982,83.4894,1.1704545454545454,49.48293,24.907954545454547,73.77332272727273,606.4742786363636
ECU,Ecuador,7.57590909090909,12008.296772727272,3.798571428571429,20.732926409090908,1909.55,-1.4262415,4.134636363636364,0.486595434,62.60972727272727,61.19196713636364,92.78571428571428,11.668336666666669,93.669587,10.640272399,142.5589604090909,50.01392572727273,99.66691305,68.49089000000001,0.1390909090909091,58.50332818181818,24.085772727272726,74.66935454545454,615.3470159090909
EGY,Egypt,0.9277272727272728,12582.548181818182,0.1685714285714285,23.259212363636365,3710.68,26.492992,10.330681818181818,0.30645780375,42.89627272727272,91.66741440909092,70.33333333333333,1.4422062328571428,99.9953805,5.593620382399999,262.44706186363635,24.26917822727273,99.752105575,85.81599750000001,0.0777272727272727,68.87085818181818,22.09031818181818,69.1703090909091,438.2188181818182
ESP,Spain,8.013181818181819,43132.418590909096,10.551428571428572,14.30619318181818,2832.5,40.227234,15.807045454545454,0.3457096135,78.56450000000001,91.0912163181818,98.0,0.9125932009090908,77.335442,23.466666666666665,236.01717459090904,102.85498981818182,98.887377,92.09373,1.6318181818181818,54.11918090909091,39.82863636363636,81.65755454545454,2849.6138181818183
EST,Estonia,20.530454545454543,33497.429090909085,13.56095238095238,6.552004331818182,1994.5,58.671013,8.76359090909091,0.3249171994736842,68.66668181818181,31.349365227272724,99.95666666666666,4.918914688888889,62.445062,35.34666666666667,192.6984168636364,64.29952409090909,96.19411733333334,84.36068333333334,6.555454545454546,52.559757272727275,39.44631818181818,75.28842727272728,1572.6380686363636
ETH,Ethiopia,5.971818181818182,1536.4954,1.970952380952381,23.49857022727273,2784.8500000000004,8.6229515,2.732090909090909,0.3227809299999999,17.862818181818184,82.28107781818181,40.796622,8.510548,99.9374575,6.30609221425,21.346854995454542,7.17707204090909,99.0186915,96.419515,0.1272727272727272,7.446841363636364,16.222590909090908,59.338072727272724,47.986518090909094
FIN,Finland,18.416818181818183,53477.61445454545,10.144761904761904,3.164843731818182,1858.0,64.49536,8.621318181818182,0.274895342,84.05872727272727,17.66409631818182,,2.009967631818182,79.191135,39.99333333333333,193.14899927272728,73.05165731818182,96.696092,95.213908,4.767272727272727,53.87997363636364,40.73145454545455,80.13008636363635,3569.534663636364
FJI,Fiji,9.570454545454544,10884.83959090909,2.9033333333333333,24.48768018181818,1922.0,-17.447561,4.401818181818182,0.36470277,52.57818181818182,49.16920463636364,,2.395276792857143,99.7468,5.546852335,95.12520918181818,41.240944954545455,,,0.11,59.275518181818185,24.39877272727273,66.31427272727272,345.5819936363636
FRA,France,17.598636363636363,49568.03822727273,12.272857142857143,13.59429859090909,2315.125,42.180107,9.029545454545454,0.3197456081818182,78.5239090909091,115.59129054545453,,1.39058335,61.436016,34.46,212.9669422272728,89.19018272727273,97.420156,90.6553425,2.2245454545454546,39.21102681818182,39.150181818181814,81.26466818181818,4163.114572727273
GAB,Gabon,8.887727272727274,19726.208045454547,8.609523809523811,24.748537545454543,1720.1999999999998,-0.59165597,19.20386363636364,0.4010468,85.3955,6.923733390909091,85.57106999999999,,93.221828,20.855342,194.00486627272727,61.23560918181818,,,0.3318181818181818,39.20931954545454,20.148272727272726,64.75844545454545,415.2555545454545
GBR,United Kingdom,8.402727272727274,48196.30654545454,11.373809523809523,9.528424136363638,1441.6666666666667,54.14705,5.631318181818181,0.3425284927272727,81.39699999999999,261.5028968181818,,1.2106680239999998,65.49889,30.23076923076923,230.18474109090909,81.55560318181819,97.915079,94.753985,4.574545454545454,59.809385909090906,38.15445454545455,80.00758636363636,3674.6401681818184
GEO,Georgia,4.055454545454546,12095.976768181818,13.352857142857143,8.412987413636364,2046.0,42.1688,14.95840909090909,0.375171749090909,55.7925909090909,56.52611618181818,99.663415,5.5165514,99.287038,16.30066331,124.03999745454546,32.79106077272727,99.4850765,97.1322275,0.1959090909090909,56.90861681818182,35.0985,72.00347272727272,699.1378040909091
GHA,Ghana,4.822272727272727,4830.339481818181,5.003809523809524,27.572909818181817,2367.5,7.9539547,5.335590909090909,0.4287882666666666,51.01922727272727,113.877572,68.4680975,1.857896276190476,96.830705,22.85577215666667,201.83861722727272,13.997607227272727,98.3785845,77.406515,0.0136363636363636,29.57977136363636,19.090681818181817,61.492527272727266,150.26182577272726
GIN,Guinea,4.799090909090909,2832.1625409090907,0.3766666666666666,26.07119677272728,2440.0,10.434649,4.972545454545455,0.364199275,33.89436363636364,43.59247986363636,34.465999999999994,,97.659375,4.9678104235,154.6163612272727,10.013311322727274,,,0.019090909090909,20.564501818181817,16.58036363636364,56.35235909090909,73.41775986363636
GMB,Gambia,4.743636363636363,2635.385686363636,2.813809523809524,27.85407809090909,3070.0,13.44973,8.532454545454545,0.4138999575,55.90081818181818,195.57465954545447,46.94953,,99.975592,8.385145997,35.94849005454546,9.59644095909091,,,0.0227272727272727,27.935858636363637,16.413681818181818,61.14212727272727,111.0597445
GNB,Guinea-Bissau,7.265909090909091,2157.8468363636366,4.0495238095238095,27.59115040909091,2707.0,12.026922,3.125,0.385928065,40.35490909090909,57.28118245454545,47.154493333333335,2.3062084,92.981568,,71.66769231818182,15.84459209090909,,,0.0209090909090909,24.496062272727272,17.236863636363637,56.893218181818185,96.91385690909091
GNQ,Equatorial Guinea,6.9804545454545455,26961.92595454545,8.455714285714285,23.95790722727273,1548.95,1.7069609,8.058045454545454,,64.3225909090909,43.67161068181818,91.18527,,95.012695,,,,,,0.2840909090909091,33.158170454545456,19.90490909090909,58.380250000000004,400.375965
GRC,Greece,4.1068181818181815,34713.74518181818,8.286666666666667,15.186413568181818,2773.0,39.05118,15.634863636363637,0.3438552780952381,76.41045454545454,84.57255327272728,95.0,1.0958902545,95.790763,22.175,361.6325299545455,78.13238145454545,98.63443133333334,93.05070666666666,2.76,58.51926045454545,40.68518181818182,80.27725,2308.304509090909
GTM,Guatemala,6.776363636363637,10061.013681818182,1.997142857142857,23.114875363636365,,15.696016,2.7778181818181817,0.5234710233333334,48.63972727272728,136.86815018181818,77.69918166666666,33.76250565,93.946485,4.326958785,119.06816263636364,31.81644327272727,99.520854,83.63378,0.9931818181818184,53.69510363636364,18.896272727272727,69.62155454545454,427.9979363636364
GUY,Guyana,29.27863636363636,11343.064159090907,5.663809523809523,25.330099681818183,2460.6,4.793462,12.280454545454546,,27.1635,3.8933608409090894,85.42403,17.678633795454544,96.97857,11.282782127,278.18599554545455,45.106727954545455,,,0.0736363636363636,48.78367818181818,23.087772727272725,66.13106363636363,410.4903959090909
HND,Honduras,3.663636363636364,5455.029386363636,3.1547619047619047,23.60656763636364,2259.8,14.82101,5.256409090909091,0.5322335831578947,52.198,75.47814677272727,85.81818181818181,54.07813177272727,90.345522,6.1058266565,100.27947263636364,31.226137227272726,,,0.7154545454545453,54.655263636363635,19.65218181818182,70.10810000000001,321.66146772727274
HRV,Croatia,17.612727272727273,29142.596863636365,9.369523809523807,12.4056115,2272.0,45.067505,12.378181818181815,0.3101438538461538,55.39627272727273,75.30769777272727,98.725,1.3192876736363637,94.335,24.544444444444444,257.5201168181818,64.27310377272728,98.021565,94.47121,1.855,57.043015909090904,41.36177272727273,76.45870454545455,1516.2415654545455
HTI,Haiti,8.035454545454545,3291.480736363636,3.5819047619047617,25.11479068181818,,18.938372,13.871818181818185,0.59720984,47.776272727272726,357.8810390909091,59.3465575,8.8266538,91.46547,8.900552867,114.37689186363636,17.343102295454546,97.34202,91.23246,0.3377272727272727,25.895170000000004,20.485272727272726,60.86743636363636,113.01058290909091
HUN,Hungary,23.553181818181816,29704.388318181816,11.365714285714288,11.563399431818182,1988.0,47.163242,6.909636363636364,0.2988369871428571,68.65659090909091,109.0243080909091,99.1,1.597236800909091,74.020355,29.228571428571428,172.66350372727274,81.81651881818182,97.7624904,82.20046599999999,0.3536363636363636,56.72303681818182,39.56854545454546,74.38200454545455,1658.9375045454544
IDN,Indonesia,1.796818181818182,9257.243436363637,0.0956190476190476,25.257646545454545,2521.65,-2.222961,5.539545454545455,0.3424857536363636,49.95995454545454,130.8114290909091,93.7,0.7896944866666668,99.904315,6.989703503,98.93876195454544,11.622348431818182,99.58843166666668,91.65076333333332,0.1327272727272727,24.559153636363636,26.61968181818182,68.27534545454546,247.48291045454545
IND,India,15.143636363636364,5347.498559090909,3.779047619047619,24.280225954545458,2517.02,22.887985,7.540454545454545,0.2809494533333334,31.24790909090909,419.52991681818185,64.33333333333333,3.634746759090909,99.996985,7.2918913855,124.33862854545454,4.439505122727272,98.607207,80.49874833333332,0.5195454545454545,19.050603636363636,23.972227272727274,67.05376818181819,152.77960299999998
IRL,Ireland,11.033181818181818,71269.0405,12.87047619047619,9.907221613636365,1453.0,53.178223,7.852136363636364,0.3204762680952381,61.59259090909091,65.05457827272727,,0.994288075,89.12719999999999,22.10666666666667,238.0764380909091,87.90337318181818,98.281676,96.29249,3.873636363636364,62.072013636363636,34.021,80.18584090909091,4390.301281818182
IRN,Iran,4.876818181818182,13738.016386363635,0.5030476190476191,18.698447409090907,3043.225,32.57068,11.507818181818182,0.3723682864285714,70.65086363636364,47.92274068181818,83.0,2.6018473,99.999975,6.183251906500001,321.3949176818182,32.39070581818182,98.875194,80.76571333333334,3.5377272727272726,53.37419681818182,26.203681818181817,73.89667272727273,874.7937904545455
IRQ,Iraq,3.544545454545455,12294.824636363635,0.1994285714285714,23.34300463636364,3240.8,33.039803,10.163136363636363,0.29071234,69.4544090909091,75.92656363636364,80.4,9.78272025,99.99915,,157.62957213636363,13.118112063636364,99.47122475,89.744575,0.9309090909090908,66.03497363636365,18.081,67.64739090909092,381.2980389473684
ISL,Iceland,12.905,57222.14881818182,7.576666666666667,2.0856120318181817,1326.0,64.998314,4.131909090909091,0.2767554723529412,93.38440909090907,3.181212309090909,,0.6542809844999999,82.14183,29.73846153846154,209.76467931818183,90.7808440909091,98.94646275,94.7709975,4.284090909090909,54.36627681818182,34.021181818181816,81.58043181818181,3844.734786363636
ISR,Israel,5.636818181818182,38205.475,2.987142857142857,20.571780727272728,3311.0,31.447613,7.998954545454546,0.4020378238095238,91.89168181818182,345.10553227272726,,2.020389154545455,96.024388,,309.9912125909091,101.23735454545454,,,0.7809090909090909,54.753155,28.22236363636364,81.4908409090909,2358.2504636363633
ITA,Italy,7.135454545454545,49610.30677272728,8.115238095238094,13.299371590909091,2372.25,42.786434,9.43909090909091,0.3467126404761905,68.80477272727272,200.99663954545457,98.66666666666669,0.8668924519999999,89.99429,30.466666666666665,290.5556920454545,83.191978,98.95252325,91.5648375,0.8636363636363636,48.92798136363637,42.83959090909091,81.82660909090909,3107.9321272727275
JAM,Jamaica,1.4127272727272726,9876.167204545454,3.233809523809524,25.82546181818181,,18.155226,7.135272727272727,0.4224525,53.98959090909091,253.3582068181818,,47.93265154545455,77.2035275,23.30160762,216.7284431818182,61.88689299999999,,,0.154090909090909,52.48554636363636,26.00140909090909,71.63298181818182,464.68976772727274
JOR,Jordan,1.1836363636363636,9716.586136363636,0.4314285714285714,19.66282086363637,,31.245577,14.682090909090908,0.3426001325,85.46495454545455,88.8373535,93.6330642857143,1.5600546133333333,99.9387225,4.69390690375,155.45328163636364,36.39177527272727,99.706759,90.73358,0.0977272727272727,69.16952454545455,20.873954545454545,74.05469090909091,688.8302145454545
JPN,Japan,21.73409090909091,41812.46631818182,6.972857142857143,12.14080981818182,1837.12,37.551178,4.007545454545454,0.3230356861538462,88.42504545454545,349.68496863636364,,0.3854482040909091,45.181945,30.9940004325,162.1971334090909,47.67477045454545,97.72799183333336,91.91489166666668,0.2268181818181818,21.805898181818183,44.3685,83.0386409090909,3440.1301136363636
KAZ,Kazakhstan,27.07681818181818,25688.94845454545,5.250952380952381,7.25418695909091,2431.5,48.160652,6.710727272727272,0.2983187657142857,56.88090909090909,6.377067795454545,99.86054333333334,8.7393171125,97.30046,,220.6886005909091,57.95060345454545,99.4519775,85.72064,2.8181818181818183,48.044363636363634,27.828954545454543,68.58968636363636,597.9579722727273
KEN,Kenya,5.236363636363636,4335.07835,2.491904761904762,25.413337454545456,3030.125,0.55076605,3.2474090909090907,0.4054151775,23.92654545454545,73.80877768181819,77.63002333333334,4.134787482352941,97.996055,17.44079068,106.59048863636365,14.953462977272729,99.210111,89.96841,0.2209090909090909,24.92130818181818,17.100363636363635,60.25647727272727,143.52323409090909
KGZ,Kyrgyzstan,10.57409090909091,4936.147927272727,6.052857142857143,0.5829262102409091,,41.461918,2.981227272727273,0.2997332154545454,35.67918181818182,29.691879136363635,99.3,,98.61646,8.548256687,181.82878181818185,34.799302000000004,99.54437466666668,91.18237333333332,1.5481818181818183,49.17508136363636,23.116636363636363,67.67200454545456,219.22075163636364
KHM,Cambodia,4.517272727272727,4034.328372727272,4.8619047619047615,27.557776045454546,,12.715563,0.6454545454545454,,20.933318181818183,82.98378118181819,76.32120833333333,3.06314855,99.913835,2.75524994525,58.3118864090909,14.191084409090909,,,0.1209090909090909,15.236016818181817,21.363227272727272,66.55295909090908,180.84309613636364
KIR,Kiribati,19.653181818181817,2446.3443727272725,0.9128571428571428,26.44855136363636,,0.61518735,,0.324028525,48.41936363636364,134.08507236363636,97.95971,5.173591708571428,99.927025,,119.9541774090909,31.49369022727273,,,4.398181818181818,76.05232,20.43159090909091,65.52908636363637,203.13436772727272
KOR,South Korea,27.180000000000003,37422.53281818182,9.30095238095238,12.55102418181818,2196.65,36.373352,3.390590909090909,0.3285574727272727,81.32718181818183,505.8915586363637,98.4,0.7786494136363636,55.19845,21.9231117,277.3534138181818,61.9501995,99.35124583333334,95.12751666666668,0.0777272727272727,30.94817045454545,36.97895454545455,80.63567272727272,2078.571127272727
KWT,Kuwait,2.283181818181818,63076.676636363634,0.0,26.52899572727273,,29.340042,1.9282727272727271,,99.95036363636363,175.88189363636363,94.9090909090909,1.5014870075,99.75805,,291.8360451818182,86.64092159090909,97.92786,91.55794,1.0109090909090908,76.08929636363636,30.201863636363637,77.72336818181817,2044.884377272727
LAO,Laos,4.946363636363636,5348.2773954545455,9.796190476190477,23.239335545454544,,18.502302,1.8079545454545447,0.356867805,30.156227272727275,27.731816045454547,71.057588,,99.941255,,250.7319731818182,20.98129059090909,,,0.0945454545454545,21.511707727272725,20.133909090909093,63.774877272727274,127.47366699999999
LBN,Lebanon,0.83,14463.39706818182,1.771904761904762,15.873629431818182,2944.0,33.920094,8.991318181818182,0.3183245,87.459,515.9601381818183,91.33333333333331,3.406488023076923,99.98188,,264.7437345454546,39.61436631818182,93.4583365,87.83332999999999,0.3404545454545454,61.50266272727272,26.4825,76.69858636363637,1019.285514090909
LBR,Liberia,5.583636363636364,1589.0285136363636,3.9395238095238096,25.17402486363636,,6.4522324,2.597318181818182,0.349833,48.18090909090909,42.419424590909095,45.62122,3.519095716666667,98.740203,9.1703893125,75.29507331818182,13.889377772727272,,,0.0181818181818181,27.91161181818182,17.491090909090907,58.23678181818182,91.2532935909091
LBY,Libya,5.031818181818182,16819.82181818182,0.011095238095238,22.58161431818182,3178.1,27.030277,19.173863636363635,,78.35713636363636,3.558635590909091,,,99.927025,,282.3210621666667,39.63019633333333,99.4634575,95.186215,2.249090909090909,63.06484954545454,24.19181818181818,71.71511818181818,967.6833059090909
LKA,Sri Lanka,20.78181818181818,10509.4175,2.5061904761904765,26.624865772727272,,7.615915,5.703409090909091,0.3860303916666667,18.351954545454547,340.0667259090909,91.6,4.239258114285714,99.95611,,79.85208109090908,7.705346836363637,,,0.655,25.821278636363637,29.335863636363637,73.99542727272727,340.3382059090909
LSO,Lesotho,22.773636363636363,2559.597377272727,3.657142857142857,11.499504340909091,,-29.579731,16.37240909090909,0.4803572149999999,24.778,67.70001450000001,81.1690675,42.0301875,98.439925,18.48401768333333,42.116910545454544,16.95345909090909,,,0.5545454545454546,36.65856636363637,19.69740909090909,48.63829545454546,204.02110209090907
LTU,Lithuania,36.86318181818182,30290.41259090909,13.347142857142858,7.546611818181819,1691.0,55.327023,10.381636363636362,0.3584644894444444,67.1055,49.50767218181818,99.94333333333331,6.942449157142857,93.045652,33.67142857142857,163.2970435,73.79758604545454,94.914396,78.604722,2.6672727272727275,55.614163181818185,39.7565,73.33429545454545,1561.6032377272727
LUX,Luxembourg,12.155,128606.80636363638,12.272857142857143,9.761559,1634.0,49.766823,4.921227272727273,0.3200456731818181,88.46031818181818,203.8458359090909,,0.8995522181818182,77.257927,30.04375,305.0972611363636,94.39030495454546,98.1479045,92.796555,2.132727272727273,51.17878636363636,37.73313636363636,79.92483636363636,5463.885436363636
LVA,Latvia,23.79590909090909,26812.694863636363,11.238571428571428,6.977317509090909,1754.0,56.851818,11.136954545454545,0.35659301,67.98827272727273,33.78885081818182,99.96333333333332,4.872581746153847,86.01566199999999,29.92142857142857,172.56592618181818,61.65876572727273,94.240128,76.53894199999999,1.564545454545455,53.58320409090909,40.183772727272725,72.78027272727273,1280.2911727272729
MAR,Morocco,3.8459090909090894,7183.13595909091,0.4728571428571428,18.697763227272727,3155.4666666666667,29.841692,10.150772727272727,0.4030125033333333,58.37913636363636,73.259728,62.5,1.6472382454545451,99.86934,5.880234065,201.76370413636363,29.40186072727273,99.039094,79.51775,1.2577272727272728,48.31593636363636,24.89340909090909,70.84865,331.0089209090909
MDA,Moldova,17.90590909090909,10220.718513636362,11.678571428571429,10.814701840909091,2126.0,47.195103,3.348636363636364,0.3103771804545455,42.91186363636364,109.5457840909091,98.53333333333336,6.325003668181818,99.22996,20.25371369,175.12078836363634,35.80923318181818,97.47592000000002,77.25504333333333,0.3054545454545454,56.15167636363637,33.77522727272727,69.24826818181818,526.1743822727273
MDG,Madagascar,6.069090909090909,1646.8186545454546,1.0471428571428572,22.776214136363635,2864.433333333333,-19.373167,3.1302272727272724,0.418484442,32.504363636363635,39.022617,69.69450833333333,,77.6255975,6.559490607333333,60.02914731818181,9.5654899,,,0.4299999999999999,11.462256363636364,16.97831818181818,61.847427272727266,63.37635990909091
MEX,Mexico,4.978181818181818,20686.974,5.547619047619048,20.980304863636363,2596.25,23.949171,3.979727272727273,0.4912226516666667,77.93163636363637,58.62431904545454,93.27777777777776,17.77163559090909,92.268435,8.647083156666666,178.3711434090909,64.82157145454545,98.53633583333334,75.03494166666667,0.285,67.12628727272727,24.97781818181818,73.47135909090909,896.0260072727273
MKD,North Macedonia,6.8981818181818175,16683.07422727273,4.51047619047619,11.374589022727273,2339.0,41.595005,29.14827272727273,0.3659550990909091,57.68440909090909,79.86422031818182,96.8,1.7469447695238094,99.025657,9.6625,324.2018755454545,39.62335754545455,98.608175,91.63077,0.44,57.10522045454545,34.96477272727273,74.54968181818182,867.4604886363636
MLI,Mali,4.103636363636364,2511.4584227272726,2.771428571428572,28.914616454545456,3099.866666666667,17.344162,1.7195454545454545,0.3668934339999999,36.43663636363636,13.484158772727271,30.142857142857142,,98.038885,5.197789739,125.15379322727271,18.773027545454543,97.455973,90.67189,0.019090909090909,24.072419545454544,15.23968181818182,55.8076,74.44608513636364
MMR,Myanmar,3.383636363636364,3908.271781818182,1.1842857142857144,23.74668627272728,,21.16767,0.949409090909091,0.3438269,29.05331818181818,75.66490227272728,84.8504,3.362674436363636,99.9385,5.354498397,120.81000390909092,35.33327240909091,99.33334,75.83333,0.105,20.85967909090909,25.9365,63.319213636363635,113.59570813636364
MNE,Montenegro,14.35590909090909,19340.1305,10.096666666666666,9.978301454545454,2481.0,42.78582,21.650181818181817,0.375533266,64.08095454545455,46.67308877272728,98.3786,2.96747365625,98.793527,18.12663206,285.1489808125,77.948780125,99.01084125,96.0626175,0.1822727272727272,46.27728772727273,35.48863636363637,75.35811363636364,1660.8438272727274
MNG,Mongolia,18.389545454545456,10761.183163636364,7.088095238095238,1.5606972995454549,2791.5,46.825806,6.202500000000001,0.3331945825,65.38063636363637,1.8010383636363636,97.9740875,8.809412510526315,60.863239,6.606338212,60.53962318181818,84.40633309090909,96.12304,91.37199,0.6854545454545454,48.50864818181819,24.22190909090909,67.2112,381.90877590909093
MOZ,Mozambique,9.28818181818182,1219.6997822727271,1.4038095238095238,23.99193595454545,2838.0,-17.27001,3.2773636363636367,0.49280454,32.55640909090909,30.44563309090909,55.2,4.7073671363636365,83.38231999999999,8.670216630333334,46.58039916818182,9.034170240909091,,,0.2690909090909091,18.752995000000002,15.965454545454547,55.674277272727274,59.050006772727265
MRT,Mauritania,2.722272727272727,5663.507122727273,0.0,27.76575277272727,3332.5,20.256218,10.09581818181818,0.358997426,47.03381818181818,3.4272553772727274,58.35091,1.0987325666666667,99.895585,,46.783128,32.064297727272724,,,0.0227272727272727,37.965019545454545,16.66618181818182,65.15852727272727,140.11351863636364
MUS,Mauritius,9.32409090909091,19077.80415909091,7.627142857142856,23.71831427272728,,-20.185543,7.819863636363636,0.3696000866666666,41.55395454545455,636.5550872727273,90.76875,2.3345916071428574,99.257033,,135.6839418636364,47.77160190909091,,,1.4363636363636365,47.59747045454546,32.08440909090909,73.50987727272728,769.4253009090909
MWI,Malawi,7.123636363636364,1440.7304772727273,3.3190476190476192,22.17906940909091,2795.866666666667,-13.217226,5.040227272727273,0.421455525,15.818772727272728,161.92650613636363,64.687725,4.051271323076923,99.0428225,7.724854414399999,143.67912886363638,13.04374665,,,0.4377272727272727,18.029821818181816,15.970818181818181,57.422827272727275,76.47498409090909
MYS,Malaysia,4.538636363636363,24358.764681818186,0.6366666666666666,25.652732,,3.792393,3.431363636363636,0.43106535125,70.64854545454546,87.67630454545454,94.6,1.7896010945454544,98.733643,7.139491293,103.3681366818182,58.62484513636364,99.795635,93.34533,0.1381818181818181,44.745661818181816,25.28459090909091,74.8417909090909,730.7438445454545
NAM,Namibia,9.256818181818184,10177.171336363635,5.113809523809524,21.5716195,3737.5,-22.129246,20.94672727272728,0.6111609333333333,42.31618181818182,2.6848898,85.4341475,16.310306423076923,97.07228,13.769502446,73.68648336363637,32.47964336363636,,,0.3031818181818181,31.17608681818182,19.492727272727272,56.93812727272727,768.3767627272726
NER,Niger,4.201363636363636,1374.758340909091,0.1533333333333333,27.729161681818184,3203.2,17.418465,1.3325909090909092,0.3625696666666667,16.302227272727272,13.660773272727273,24.666666666666668,4.62795355,99.28156,3.437125586,96.67190688636364,14.64372275,,,0.015,13.962871818181817,14.605818181818181,56.14248181818182,54.13181195454546
NGA,Nigeria,4.954090909090909,4996.242304545455,5.915238095238095,27.205413045454545,2669.08,9.595315,4.157681818181818,0.36446312,43.87036363636364,187.1280036363636,59.91175833333333,26.769154,99.59841,13.455198232,125.82596372727272,8.098799690909091,99.63987636,89.32006,0.0213636363636363,27.670669999999998,16.822,50.86779545454545,153.22450954545454
NIC,Nicaragua,5.623636363636364,6044.3535681818175,4.015238095238096,25.47881868181818,2759.9,12.845494,5.916590909090909,0.479481815,57.06631818181818,48.17255109090909,79.20485000000001,11.022383185714286,87.10958500000001,4.58559197,65.30522324545456,24.935152045454547,99.58333,74.41667,0.1095454545454545,60.413154090909096,21.337909090909093,71.13437272727273,335.9525768181818
NLD,Netherlands,10.43318181818182,61783.54118181818,10.128571428571428,10.65410640909091,1662.0,52.06979,4.640181818181818,0.2831538444444444,86.39204545454545,500.2869354545455,,0.8687024868181819,50.17106,36.48571428571429,286.2210724545455,73.30567154545454,93.3694762,95.473994,1.035909090909091,46.87019818181818,39.509181818181816,80.48841818181819,4623.815095454545
NOR,Norway,12.063181818181818,84216.48381818182,7.068095238095238,1.1671345240909092,1373.3333333333333,68.79427,3.716272727272727,0.2746921645,79.53777272727272,13.540878022727272,,0.7388847171428571,81.435237,42.39375,233.03284831818183,67.50549245454546,98.897539,97.591115,7.193636363636363,53.62571818181818,37.60722727272727,81.16227272727272,5368.437322727273
NPL,Nepal,10.017272727272728,3271.1726863636363,0.7904761904761906,13.265708590909092,,28.247923,10.797,0.383043455,17.069863636363635,189.20112,62.872702,2.666089080952381,99.998415,5.09192900925,152.73180877272728,12.096683318181816,,,0.2590909090909091,19.06305,20.440590909090908,66.62913181818182,116.62305054545455
NZL,New Zealand,12.337727272727273,42518.0454090909,9.97857142857143,10.53690368181818,1967.06,-41.829365,5.025772727272727,,86.32436363636363,16.786584409090906,,1.18714133,52.2322385,23.314621606666663,227.2370350909091,97.47688,98.239805,92.953395,1.389090909090909,63.05319909090909,35.480909090909094,80.70942272727272,3012.562745454545
OMN,Oman,1.8454545454545448,41827.87790909091,0.8709523809523809,27.96952486363637,3493.3,20.601805,3.648136363636364,,77.46490909090909,10.73535226818182,90.0,1.261641035,99.891813,,331.8541229090909,50.81612159090909,,,0.4313636363636364,57.297518181818184,24.84222727272727,76.95489545454545,1249.375984090909
PAK,Pakistan,6.511818181818182,4385.649718181819,0.0700952380952381,20.66089827272728,3108.5166666666664,29.948498,2.090909090909091,0.2992864555555555,35.12536363636364,257.5673559090909,55.46153846153846,5.3505523,99.986755,1.175871951,59.63289131818182,14.060676045454546,98.098754,73.4476025,0.4654545454545454,36.913683181818186,18.60368181818182,64.43640454545454,100.8359309090909
PAN,Panama,4.096818181818182,23698.59122727273,6.032380952380953,25.041031545454544,1743.5,8.514557,6.035363636363636,0.5252267161904762,65.36772727272727,49.49177109090909,94.25,11.87366959090909,93.885663,13.70181442,124.06460927272728,64.78292436363637,,,0.2477272727272727,60.587730909090915,26.067000000000004,76.23258636363636,1447.1161636363636
PER,Peru,1.3909090909090909,11898.64881818182,6.949523809523809,18.869372181818186,2281.65,-9.154388,4.171818181818182,0.4644967445454545,76.23709090909091,23.07245490909091,92.0909090909091,7.133158945454546,96.0409375,11.966873117285711,170.23070277272728,34.226116636363635,98.929166,54.826554,0.0336363636363636,55.525025,25.267954545454543,73.2510409090909,478.00858772727275
PHL,Philippines,2.811818181818182,6694.1392,5.889047619047619,26.045206727272728,2103.1,11.76275,3.3467272727272728,0.40821163625,46.12168181818182,325.7950645454546,95.57142857142856,7.567432192307693,99.941527,4.787518006666667,157.8340862727273,32.93243609090909,99.83880125,89.58320499999999,0.0681818181818181,26.709123181818185,21.285227272727273,68.78197272727272,238.96694618181817
PNG,Papua New Guinea,1.7654545454545454,3619.261772727273,1.7404761904761905,23.58336040909091,2463.0,-6.4701204,2.5415454545454548,0.4185041,13.11540909090909,17.12291759090909,62.88789333333333,8.67670733,99.65891,,293.0472879166667,61.37046608333333,,,0.0686363636363636,45.45969272727273,20.155454545454546,63.27222272727273,71.05093513636363
POL,Poland,16.518181818181816,27927.98113636364,11.084285714285716,9.001680886363637,1997.0,52.12477,10.404045454545455,0.3240334783333333,60.849,124.71548363636364,99.8,1.0435738041176472,94.3517305,24.928571428571427,185.45554377272728,79.78358854545455,98.98003333333334,88.07479166666667,0.334090909090909,55.99033227272727,37.14913636363636,76.09420454545455,1402.6352359090909
PRT,Portugal,11.958181818181815,36471.79536363637,11.258095238095237,15.396479772727274,2770.0,39.587147,8.775136363636364,0.3592386421052631,60.782045454545454,113.97247554545456,95.39,0.977627829375,89.49557999999999,19.24,282.0614675,91.08087,98.46551,89.47145,0.4945454545454545,54.17079909090909,40.85227272727273,79.89259545454546,2644.85765
PRY,Paraguay,5.194545454545454,12608.921477272728,5.824761904761904,24.05262977272728,2803.0,-23.227518,5.7995,0.4990347133333334,59.284045454545456,14.706210886363635,94.41666666666669,13.91383413181818,97.630155,8.088676944,149.84868504545454,46.358011090909095,,,0.0986363636363636,59.672937272727275,22.345181818181818,72.06382727272727,663.5752245454546
QAT,Qatar,9.14590909090909,114506.51854545454,1.1619047619047618,27.78022663636364,,25.313074,0.4613636363636363,0.35128385,98.1933181818182,150.9662465,95.0,0.459786788,99.71303,,270.34542666666664,81.08061,99.8013494,98.41226,0.345,71.23532909090909,30.068181818181817,79.27285454545455,2830.2932954545454
ROU,Romania,11.734090909090908,26133.925045454547,17.824285714285715,10.289570931818185,2115.0,45.853462,6.409363636363636,0.359564893125,53.62268181818183,89.12512886363636,98.33333333333331,1.7435767909090911,99.42528,26.10833333333333,264.38956454545456,62.03888168181818,97.79574633333334,73.38136333333334,0.2022727272727272,53.51013863636364,38.20554545454546,73.27777727272728,991.6947972727273
RUS,Russia,36.54454545454546,31806.74331818182,13.019047619047615,-3.266053172727273,1972.7875,61.966854,6.567181818181819,0.3911176442857143,73.85586363636364,8.865699840909091,99.66666666666669,15.84084355909091,83.385665,23.98444169,170.65994995454545,64.49261545454546,96.25226833333332,81.13296166666667,6.090909090909091,53.582533636363635,37.14672727272727,68.7668909090909,1120.5563018181817
RWA,Rwanda,8.864545454545453,1845.2141,1.4657142857142855,19.565082363636364,,-1.9927505,11.847863636363638,0.473168766,16.881227272727273,426.9063340909091,70.483855,2.969732584615385,99.0478675,7.146721622000001,268.1307712272728,7.195017559090909,98.513914,97.929305,0.5840909090909091,13.269710454545454,17.487318181818182,60.873372727272724,97.98351659090909
SAU,Saudi Arabia,1.5327272727272727,56483.3810909091,0.0,26.305500409090907,3236.5,24.122328,5.717909090909091,,82.18872727272728,11.660498154545456,89.8,1.235590584,99.901008,,212.2096864090909,60.41663640909091,99.533959,91.47803,0.1027272727272727,67.89020772727272,24.0595,75.87545454545455,2513.4329000000002
SDN,Sudan,3.692272727272728,4010.9456,0.0343333333333333,27.423333045454545,3559.55,15.980243,14.641454545454549,0.3481913949999999,33.500136363636365,19.562686863636365,58.56572666666667,,99.655615,5.057340875,142.455982,20.9866227,,,0.9159090909090908,31.809933636363635,16.560636363636362,62.169200000000004,187.479302
SEN,Senegal,6.503181818181818,3493.433613636364,0.4280952380952381,28.84234695454546,3146.0,14.367788,3.479590909090909,0.3903783879999999,44.07990909090909,68.32104363636364,46.013195,,99.987857,5.9561691015000005,91.83882186363635,15.088510863636364,,,0.024090909090909,24.258089545454542,17.41881818181818,63.74484090909091,113.84614077272727
SLB,Solomon Islands,19.295454545454547,2486.2027772727274,1.0880952380952382,26.17459427272727,2330.0,-8.909583,1.483409090909091,0.4157128049999999,20.346272727272726,20.450750227272728,,4.64149982,99.69001,,60.18224879545454,11.9133798,,,0.1095454545454545,49.85708636363636,18.535681818181818,68.54554999999999,106.81811481818181
SLE,Sierra Leone,5.578636363636364,2510.988140909091,0.2828571428571428,25.833530681818186,,8.563086,4.016318181818182,0.3662926933333333,39.17022727272728,87.60585013636363,38.9592825,2.27327,99.9457925,4.065850348,86.46300690909091,7.403484190909091,,,0.0195454545454545,18.81060772727273,17.408409090909092,52.51712272727273,142.91650954545455
SLV,El Salvador,8.338181818181818,8958.222704545455,3.0142857142857142,26.15555459090909,2957.0,13.735849,5.382818181818181,0.4440454557142856,66.118,294.1852022727273,86.3076923076923,57.89393604545455,88.247007,8.822713598,141.04336586363638,31.28971031818182,99.043069,90.66986,0.4613636363636363,60.425388636363635,22.911136363636363,70.16384090909091,587.5211286363636
SOM,Somalia,8.203636363636363,1084.696104090909,0.0,26.64363531818182,3103.0,4.7488365,18.981636363636365,,39.73295454545455,20.00534227272728,,,99.981457,,36.8069395,13.707962833333331,,,0.504090909090909,25.982706818181818,14.938636363636363,51.652,35.717602444444445
SRB,Serbia,19.152727272727272,17261.942954545455,8.553333333333333,11.429484363636364,2055.0,44.22215,16.28918181818182,0.3726635299999999,54.87386363636363,87.15133300000001,98.0,1.8833772181818185,97.38464,22.3,270.9406785,68.323300125,98.7647805,95.15238,0.5972727272727273,50.81079636363636,41.29986363636363,74.213,1151.109848181818
STP,Sao Tome and Principe,0.8595454545454545,4887.211536363637,6.275714285714285,25.658153272727272,,0.44425926,13.282636363636364,0.34558881,65.01313636363636,190.4102759090909,82.9937125,3.695177566666666,88.928,16.81598743,228.56548713636363,15.53943781818182,,,0.11,33.23945681818182,17.73081818181818,64.51773636363636,211.93089681818182
SUR,Suriname,24.180000000000003,20896.367045454543,5.55095238095238,25.94833909090909,,4.131245,8.772363636363636,,66.3365909090909,3.539687063636364,93.6,8.87976868888889,92.259012,,138.12739249999998,47.47402331818182,,,0.5940909090909091,50.89969000000001,25.52168181818182,68.86039090909091,757.115405
SVK,Slovakia,12.42681818181818,29024.23490909091,10.578095238095235,8.938204936363636,2038.0,48.704937,12.606272727272728,0.2587033138888889,54.74081818181818,112.38796054545456,,1.5939507786363636,74.98830000000001,23.79230769230769,141.854475,58.58235009090909,98.4854602,88.86362199999999,0.2313636363636363,54.87064545454545,36.5455,75.46383181818182,1690.3883209090907
SVN,Slovenia,23.091363636363635,38003.971090909086,11.392380952380952,10.42789109090909,1974.0,46.11612,6.605772727272727,0.2475847,52.82804545454546,101.22592722727272,99.6,0.879553075,70.644305,26.1,230.2662533636364,80.41119863636364,97.24802833333332,88.64660666666667,1.5427272727272727,53.320266363636364,40.51,78.9134,2509.158009090909
SWE,Sweden,14.82090909090909,55731.047181818176,9.493333333333334,3.972401836363636,1782.5,62.7771,7.0354090909090905,0.2784227804545454,85.62409090909091,23.3332785,,1.0208186477272727,74.8113975,41.41333333333333,226.50038245454547,75.18463554545454,97.92265316666668,97.15575,3.456363636363636,48.820944545454545,39.45254545454546,81.46971818181818,4282.5324818181825
SWZ,Eswatini,21.19136363636364,8282.511236363636,8.035714285714286,19.81040745454545,,-26.561914,26.58686363636364,0.5304516133333333,22.86786363636364,64.92499013636365,84.79276333333333,13.024655131578948,94.928135,,103.697952,29.539867545454545,,,0.5022727272727273,47.32972090909091,18.867454545454546,50.61047272727273,534.3434545454546
SYC,Seychelles,7.272272727272727,24655.027181818183,9.382380952380952,26.488704272727272,,-6.4899783,,0.4057163966666666,53.79454545454546,216.43754681818183,94.06666666666666,9.76125394117647,97.698305,,186.78586475,56.28935783333333,,,0.745909090909091,55.15120045454545,29.843999999999998,72.14428636363635,962.6304440909091
SYR,Syria,0.6886363636363636,7101.741040909092,0.7391428571428571,19.3212385,,35.023003,11.604954545454545,0.3935221,53.76404545454545,109.1241153181818,86.075,2.256703254545455,98.042945,,185.41301475,18.235169,,,0.6413636363636364,66.91560272727273,19.34209090909091,70.18114545454546,231.00370772727274
TCD,Chad,5.304090909090909,2460.274740909091,3.5823809523809524,27.41330845454545,3353.2,15.333078,0.9539090909090908,0.4021038366666666,22.28818181818181,10.135028468181815,26.526182,,97.087913,7.880438769,17.11499537272727,27.89293572727273,,,0.0154545454545454,15.605451363636364,14.625590909090908,50.36317727272728,69.55549068181818
TGO,Togo,9.320454545454544,2169.9608863636367,1.653333333333333,27.089084681818186,2579.95,8.526788,3.080272727272728,0.423296862,37.9275,126.52731372727273,59.66666666666666,,92.20929,15.65110089,42.03616658181818,10.730512181818185,,,0.0259090909090909,22.547991818181817,17.97640909090909,57.74023636363636,81.6783690909091
THA,Thailand,11.064545454545454,16759.020045454545,8.338095238095239,26.460780818181817,2175.025,15.1144,1.1307272727272728,0.3842241831578947,42.968545454545456,133.68703954545455,93.48339444444444,6.826608216666667,99.958133,8.698742956,142.3414889090909,27.59420540909091,98.23244666666666,83.94507666666667,0.1586363636363636,34.72612863636363,33.760999999999996,74.79062272727273,487.79161
TJK,Tajikistan,2.927272727272728,2580.3756863636368,0.7980952380952382,0.1486271962272727,,38.529884,8.486818181818181,0.326085505,26.73518181818181,56.97311572727272,99.35,2.294296246153846,99.92545,2.959290743,184.923951,17.802239590909092,99.833327,90.0,0.1740909090909091,48.19902,19.69590909090909,68.08009545454546,158.8332159090909
TKM,Turkmenistan,8.690454545454545,9922.914581818182,2.772857142857143,16.90777581818182,,39.115932,5.823818181818182,,48.959,12.16281918181818,99.4,3.239238884615385,99.710155,,181.69836718181816,47.64031172727273,,,0.9559090909090908,49.469789090909096,22.89409090909091,67.82003636363636,560.3799431818181
TLS,East Timor,3.4231818181818183,4183.754909090909,0.3903809523809524,24.56554059090909,,-8.823779,3.4867272727272725,0.3080384533333333,27.94172727272727,73.09459813636363,56.535826,4.073431825,99.879875,,42.96126161363637,36.40080495454546,,,0.0813636363636363,8.743934090909091,18.327590909090908,63.33431818181818,163.6433774736842
TTO,Trinidad and Tobago,12.621818181818185,31985.1025,5.943333333333333,26.29360759090909,,10.46883,5.585818181818183,,54.16822727272727,272.4051831818182,97.9,27.225704181818184,97.500838,17.19890423,127.86850077272727,63.237069909090906,98.53371,74.51539,0.4727272727272727,54.91998454545455,30.916681818181818,71.37715909090909,1334.7754454545454
TUN,Tunisia,2.7563636363636363,11683.3365,1.7752380952380953,20.509164227272727,3049.95,34.119404,14.92009090909091,0.367083304,66.76386363636364,70.04345227272728,78.60834555555556,2.9698525,99.594105,,319.6475581818182,26.98648290909091,99.461201,82.59405,1.235,51.67617772727272,27.688454545454544,74.19816363636363,563.6063918181818
TUR,Turkey,2.9904545454545457,21621.617,2.058095238095238,11.955670886363636,2333.8,39.06108,10.689545454545454,0.4129561645,70.94372727272727,97.67366527272726,92.85714285714286,3.69026401875,98.644195,10.19,356.29912227272723,30.078202545454545,99.40599,96.17330333333332,0.3436363636363636,64.18799136363636,27.983681818181818,74.95496363636363,865.8045054545455
TZA,Tanzania,4.559545454545455,2712.591463636364,11.222857142857142,22.90888213636364,3032.85,-6.2750974,2.820772727272727,0.38958533,28.65840909090909,52.707722545454544,73.200175,6.785580158333333,97.1719575,8.6669071824,111.9749675909091,9.659272136363636,95.217769,76.6012,0.519090909090909,23.26665681818182,16.407545454545456,60.899277272727275,89.66617672727273
UGA,Uganda,5.233636363636363,2187.8370045454544,14.763809523809524,23.249146090909093,2304.0,1.2756913,3.090409090909091,0.4312770766666667,19.837090909090907,167.61957090909092,70.220264,10.577121392857142,99.9448275,11.648012023333337,186.90349940909093,11.969092727272727,97.923385,95.17933,0.3622727272727272,15.97058,14.545409090909091,59.53192727272728,99.96820295454545
UKR,Ukraine,26.41681818181818,16022.76481818182,10.444761904761904,9.525424204545455,1955.0,49.16008,8.65031818181818,0.2641822257894737,68.49677272727273,80.49559,99.65811666666669,6.066979694444445,85.80785499999999,,195.4288355,44.44684363636364,97.317615,86.23973600000001,2.666363636363636,51.70406727272727,38.63786363636364,70.27965,609.1645290909091
URY,Uruguay,18.14,24186.38913636364,6.104285714285714,17.622625,2481.4,-32.798252,9.774,0.4185409949999999,94.20563636363636,19.02952368181818,98.35714285714286,7.6180136,55.6632025,21.65123281,155.09185100000002,67.00552168181818,98.86533875,83.8884425,0.3336363636363636,57.62114727272728,33.044363636363634,76.41447727272727,1558.4213454545454
USA,United States,13.19590909090909,61744.75831818182,9.394761904761904,9.799870886363635,2827.6185185185186,45.688118,5.957181818181818,0.4095945790909091,80.90181818181819,34.13924018181818,,5.316620447368421,76.907602,27.065912949473685,252.3184616363636,121.37328013636365,98.6978965,93.63123166666668,13.247272727272728,67.26796045454545,35.881136363636365,78.01863181818182,8010.371477272726
UZB,Uzbekistan,11.916818181818185,6036.648227272727,2.9185714285714286,13.722173204545454,2823.9,41.756035,6.436818181818182,0.32891142,49.6195,65.60749845454546,99.875,2.7660868375,99.421845,,285.4444658636364,30.93312113636364,99.4733315,84.58465,0.4759090909090909,50.54869181818182,23.724454545454545,69.45904999999999,303.7619309090909
VCT,Saint Vincent and the Grenadines,3.74590909090909,13571.27968181818,6.100952380952381,26.48081490909091,,13.216216,19.66236363636364,,49.21699999999999,279.9965036363637,,24.14120105882353,92.13148,,231.62870863636363,91.65157263636364,,,0.1377272727272727,54.12569818181819,28.454090909090908,70.45908181818182,472.3283672727273
VNM,Vietnam,7.0,7810.817990909091,6.727142857142858,24.009245136363635,2123.5,16.642183,1.814454545454545,0.362600825,30.928363636363635,280.24847318181816,93.33333333333331,1.3670698272727273,35.0907585,7.281823706,183.93175827272728,40.41703931818181,99.405111,84.54605333333333,0.9572727272727272,9.491808636363636,27.208818181818177,73.66450909090909,289.92064636363637
VUT,Vanuatu,16.403636363636362,3277.198109090909,1.5604761904761906,25.034851409090905,,-16.201267,6.1694545454545455,0.3483443699999999,24.090454545454545,19.88015490909091,84.06666666666666,0.5097872,98.7744025,,137.9219504090909,37.24832259090909,,,0.1063636363636363,48.16678181818182,19.17909090909091,69.64789999999999,96.92980790909091
WSM,Samoa,11.811818181818182,6131.469554545454,3.025714285714286,25.32776181818182,,-13.754596,6.702045454545455,0.4050850799999999,19.953818181818185,70.35106240909091,98.69675333333332,5.86804406,99.89548,,194.80329940909093,91.84467231818182,,,0.1163636363636363,84.30708318181819,19.674136363636364,71.10454545454546,271.6390181818182
ZAF,South Africa,17.80636363636364,13608.40881818182,8.726666666666667,18.01663795454545,3141.316666666667,-29.001032,24.856954545454546,0.623897646,62.429,44.00397736363636,92.15793090909092,36.14170709090909,95.535392,21.176208,74.1266849090909,54.37304654545455,98.44585,70.47764,1.6595454545454544,52.69900272727273,23.966681818181822,59.807877272727275,928.7023613636363
ZMB,Zambia,5.907727272727272,3080.500254545455,3.4761904761904763,22.03883363636364,2965.4666666666667,-13.46011,9.620454545454546,0.517497068,39.71004545454545,19.367931204545457,74.351878,5.896321166666667,99.93043,7.082230207333333,33.556094754545455,16.333889272727273,97.800003,87.52502,0.4904545454545455,21.31624409090909,15.763772727272727,56.29798181818182,142.58091727272725
ZWE,Zimbabwe,14.292272727272728,3092.7879590909088,3.233809523809524,21.59088495454545,3065.4,-19.002537,5.720136363636364,0.4591570233333333,33.18581818181818,35.13324340909091,88.50122666666668,8.441475975000001,88.488605,11.3965653,28.98111279545455,38.37408925,99.705467,79.12605,0.3736363636363636,28.740530454545453,17.1425,53.00601818181818,143.59128208333334
